ID,close
1,4.115932
2,4.28519637
3,4.25994907
4,4.27253239
5,4.29509623
6,4.32704626
7,4.37549704
8,4.59968966
9,4.59557215
10,4.71955793
11,4.83758153
12,4.81018538
13,4.70700211
